<?xml version="1.0" encoding="UTF-8"?>
<services xmlns="http://www.demandware.com/xml/impex/services/2014-09-26">
    <service-credential service-credential-id="cloudinary.https.api.creds">
        <url>https://api.cloudinary.com/v1_1/[cloudname]</url>
        <user-id/>
        <password encrypted="true" encryption-type="common.export">ALM1YtEYZURm24jAbKxLqSMu2isgk3VDssfhdJymDK4=</password>
    </service-credential>
    <service service-id="cloudinary.https.api">
        <service-type>HTTP</service-type>
        <enabled>true</enabled>
        <log-prefix/>
        <comm-log-enabled>false</comm-log-enabled>
        <force-prd-enabled>true</force-prd-enabled>
        <mock-mode-enabled>false</mock-mode-enabled>
        <profile-id/>
        <credential-id>cloudinary.https.api.creds</credential-id>
    </service>
</services>